1625797587;-68
1625797647;-68
1625797707;-68
1625797767;-68
1625797827;-68
1625797888;-68
1625797948;-69
1625798008;-68
1625798068;-68
1625798128;-68
1625798188;-68
1625798249;-68
1625798309;-68
1625798369;-68
1625798429;-68
1625798490;-68
1625798550;-68
1625798610;-68
1625798670;-68
1625798731;-68
1625798791;-68
1625798851;-68
1625798912;-68
1625798972;-68
1625799032;-68
1625799092;-68
1625799152;-68
1625799213;-68
1625799273;-68
1625799333;-68
1625799393;-68
1625799453;-68
1625799514;-68
1625799574;-68
1625799634;-68
1625799694;-68
1625799755;-68
1625799815;-68
1625799875;-68
1625799935;-68
1625799996;-68
1625800056;-68
1625800116;-68
1625800176;-68
1625800237;-68
1625800297;-68
1625800357;-68
1625800417;-69
1625800477;-71
1625800538;-69
1625800598;-69
1625800658;-69
1625800718;-69
1625800778;-69
1625800839;-69
1625800899;-69
1625800959;-69
1625801019;-69
1625801079;-68
1625801140;-69
1625801200;-69
1625801260;-69
1625801320;-69
1625801381;-68
1625801441;-68
1625801501;-69
1625801561;-69
1625801621;-69
1625801681;-69
1625801742;-68
1625801802;-69
1625801862;-69
1625801922;-69
1625801983;-69
1625802043;-69
1625802103;-68
1625802163;-68
1625802223;-68
1625802284;-69
1625802344;-69
1625802404;-68
1625802465;-68
1625802525;-69
1625802585;-69
1625802645;-68
1625802706;-69
1625802766;-68
1625802826;-68
1625802886;-69
1625802946;-68
1625803007;-68
1625803067;-68
1625803127;-69
1625803187;-69
1625803247;-68
1625803307;-68
1625803367;-68
1625803427;-68
1625803488;-68
1625803548;-68
1625803608;-69
1625803668;-69
1625803728;-68
1625803788;-68
1625803848;-68
1625803908;-69
1625803969;-68
1625804029;-68
1625804089;-68
1625804149;-69
1625804209;-68
1625804269;-68
1625804330;-69
1625804390;-69
1625804450;-68
1625804510;-68
1625804571;-69
1625804631;-68
1625804691;-68
1625804751;-68
1625804812;-68
1625804872;-69
1625804932;-69
1625804992;-68
1625805053;-69
1625805113;-69
1625805173;-68
1625805233;-68
1625805294;-68
1625805354;-68
1625805414;-69
1625805474;-68
1625805535;-68
1625805595;-68
1625805655;-68
1625805715;-68
1625805776;-68
1625805836;-68
1625805896;-69
1625805956;-68
1625806017;-68
1625806077;-68
1625806137;-68
1625806197;-68
1625806258;-68
1625806318;-68
1625806378;-68
1625806438;-68
1625806499;-68
1625806559;-68
1625806619;-68
1625806679;-69
1625806740;-68
1625806800;-68
1625806860;-68
1625806920;-69
1625806981;-69
1625807041;-68
1625807101;-68
1625807161;-69
1625807221;-68
1625807282;-68
1625807342;-68
1625807403;-69
1625807463;-68
1625807523;-69
1625807583;-69
1625807644;-69
1625807704;-68
1625807764;-69
1625807824;-69
1625807885;-69
1625807945;-68
1625808005;-68
1625808065;-68
1625808126;-68
1625808186;-68
1625808246;-68
1625808306;-69
1625808367;-69
1625808427;-69
1625808487;-69
1625808547;-68
1625808608;-68
1625808668;-68
1625808728;-69
1625808788;-68
1625808849;-69
1625808909;-69
1625808969;-68
1625809029;-69
1625809089;-68
1625809150;-68
1625809210;-68
1625809270;-68
1625809330;-68
1625809391;-68
1625809451;-69
1625809511;-68
1625809571;-68
1625809631;-68
1625809692;-68
1625809752;-68
1625809812;-68
1625809873;-68
1625809933;-68
1625809993;-69
1625810053;-69
1625810113;-68
1625810174;-68
1625810234;-68
1625810294;-68
1625810354;-68
1625810414;-69
1625810475;-69
1625810535;-69
1625810595;-69
1625810655;-71
1625810716;-68
1625810776;-68
1625810836;-68
1625810896;-68
1625810957;-70
1625811017;-68
1625811077;-68
1625811137;-69
1625811198;-68
1625811258;-69
1625811318;-68
1625811378;-68
1625811438;-68
1625811498;-68
1625811558;-68
1625811618;-68
1625811678;-67
1625811738;-68
1625811798;-68
1625811859;-68
1625811919;-68
1625811979;-68
1625812039;-68
1625812099;-68
1625812160;-68
1625812220;-68
1625812280;-68
1625812340;-68
1625812401;-68
1625812461;-68
1625812521;-68
1625812581;-68
1625812641;-68
1625812701;-68
1625812762;-68
1625812822;-68
1625812882;-68
1625812942;-68
1625813002;-68
1625813063;-69
1625813123;-68
1625813183;-68
1625813243;-68
1625813304;-68
1625813364;-68
1625813424;-68
1625813484;-68
1625813544;-68
1625813604;-68
1625813665;-68
1625813725;-68
1625813785;-68
1625813845;-68
1625813906;-68
1625813966;-68
1625814026;-68
1625814086;-68
1625814147;-68
1625814207;-67
1625814267;-68
1625814328;-68
1625814388;-68
1625814448;-68
1625814508;-68
1625814568;-68
1625814629;-68
1625814689;-68
1625814749;-68
1625814809;-68
1625814870;-68
1625814930;-68
1625814990;-68
1625815050;-68
1625815111;-68
1625815171;-67
1625815231;-68
1625815291;-68
1625815352;-68
1625815412;-68
1625815472;-68
1625815532;-68
1625815592;-68
1625815653;-68
1625815713;-68
1625815773;-67
1625815833;-68
1625815894;-68
1625815954;-68
1625816014;-68
1625816074;-68
1625816135;-68
1625816195;-68
1625816255;-68
1625816315;-67
1625816376;-68
1625816436;-68
1625816496;-68
1625816556;-67
1625816616;-68
1625816676;-68
1625816737;-68
1625816797;-68
1625816857;-68
1625816917;-68
1625816978;-68
1625817038;-68
1625817098;-68
1625817158;-68
1625817219;-68
1625817279;-68
1625817339;-68
1625817399;-68
1625817460;-68
1625817520;-68
1625817580;-68
1625817640;-68
1625817700;-68
1625817761;-68
1625817821;-68
1625817881;-68
1625817941;-68
1625818001;-68
1625818062;-68
1625818122;-68
1625818182;-68
1625818243;-68
1625818303;-68
1625818363;-68
1625818424;-68
1625818484;-68
1625818544;-68
1625818604;-68
1625818664;-68
1625818724;-68
1625818784;-68
1625818844;-68
1625818904;-68
1625818965;-68
1625819025;-68
1625819085;-68
1625819145;-68
1625819205;-68
1625819265;-68
1625819325;-68
1625819385;-68
1625819446;-68
1625819506;-68
1625819566;-68
1625819626;-68
1625819687;-68
1625819747;-68
1625819807;-68
1625819868;-68
1625819928;-69
1625819988;-68
1625820048;-68
1625820108;-68
1625820168;-69
1625820229;-68
1625820289;-68
1625820349;-68
1625820409;-68
1625820469;-68
1625820530;-68
1625820590;-68
1625820650;-68
1625820710;-68
1625820771;-68
1625820831;-69
1625820891;-68
1625820951;-68
1625821012;-69
1625821072;-68
1625821132;-68
1625821192;-68
1625821253;-69
1625821313;-68
1625821373;-68
1625821433;-68
1625821493;-68
1625821554;-68
1625821614;-69
1625821674;-68
1625821735;-68
1625821795;-68
1625821855;-68
1625821916;-68
1625821976;-68
1625822036;-69
1625822096;-68
1625822157;-68
1625822217;-68
1625822277;-68
1625822338;-68
1625822398;-68
1625822458;-68
1625822518;-68
1625822578;-68
1625822639;-68
1625822699;-68
1625822759;-68
1625822819;-68
1625822880;-68
1625822940;-68
1625823000;-68
1625823061;-68
1625823121;-68
1625823181;-68
1625823242;-68
1625823302;-68
1625823362;-68
1625823422;-68
1625823483;-68
1625823543;-68
1625823603;-68
1625823663;-68
1625823724;-68
1625823784;-68
1625823844;-68
1625823905;-67
1625823965;-68
1625824025;-68
1625824085;-68
1625824146;-68
1625824206;-68
1625824266;-68
1625824326;-68
1625824386;-68
1625824447;-68
1625824507;-68
1625824567;-68
1625824627;-68
1625824687;-67
1625824748;-68
1625824808;-68
1625824868;-67
1625824928;-68
1625824989;-68
1625825049;-68
1625825109;-68
1625825169;-68
1625825229;-69
1625825289;-67
1625825350;-68
1625825410;-68
1625825470;-68
1625825530;-68
1625825591;-67
1625825651;-68
1625825711;-67
1625825771;-67
1625825832;-68
1625825892;-68
1625825952;-68
1625826012;-68
1625826073;-68
1625826133;-68
1625826193;-68
1625826253;-68
1625826313;-68
1625826374;-67
1625826434;-68
1625826494;-68
1625826554;-68
1625826614;-68
1625826674;-68
1625826735;-68
1625826795;-68
1625826855;-68
1625826915;-68
1625826975;-68
1625827035;-68
1625827095;-68
1625827155;-68
1625827216;-68
1625827276;-68
1625827336;-68
1625827396;-68
1625827456;-68
1625827516;-68
1625827577;-68
1625827637;-68
1625827697;-68
1625827757;-68
1625827817;-68
1625827878;-68
1625827938;-68
1625827998;-68
1625828058;-68
1625828118;-68
1625828179;-68
1625828239;-68
1625828299;-68
1625828359;-68
1625828420;-68
1625828480;-68
1625828540;-68
1625828600;-68
1625828660;-68
1625828721;-68
1625828781;-68
1625828841;-68
1625828901;-68
1625828962;-68
1625829022;-68
1625829082;-67
1625829142;-67
1625829202;-68
1625829263;-68
1625829323;-68
1625829383;-68
1625829443;-68
1625829504;-68
1625829564;-67
1625829624;-68
1625829684;-69
1625829745;-68
1625829805;-68
1625829865;-68
1625829925;-68
1625829986;-68
1625830046;-68
1625830106;-67
1625830167;-68
1625830227;-68
1625830287;-68
1625830347;-68
1625830408;-68
1625830468;-68
1625830528;-68
1625830588;-68
1625830648;-67
1625830709;-67
1625830769;-67
1625830829;-68
1625830889;-68
1625830949;-68
1625831010;-68
1625831070;-68
1625831130;-68
1625831191;-69
1625831251;-68
1625831311;-68
1625831371;-68
1625831432;-68
1625831492;-68
1625831552;-68
1625831612;-68
1625831673;-68
1625831733;-68
1625831793;-68
1625831853;-68
1625831914;-68
1625831974;-68
1625832034;-69
1625832094;-69
1625832155;-68
1625832215;-68
1625832275;-68
1625832335;-68
1625832395;-68
1625832456;-68
1625832516;-68
1625832576;-68
1625832636;-68
1625832697;-68
1625832757;-68
1625832817;-68
1625832877;-68
1625832937;-68
1625832998;-68
1625833058;-68
1625833118;-68
1625833178;-68
1625833239;-68
1625833299;-68
1625833359;-68
1625833419;-68
1625833480;-68
1625833540;-68
1625833600;-68
1625833660;-68
1625833720;-68
1625833780;-68
1625833840;-68
1625833901;-68
1625833961;-68
1625834021;-68
1625834082;-68
1625834142;-68
1625834202;-68
1625834262;-68
1625834322;-68
1625834383;-69
1625834443;-68
1625834503;-68
1625834563;-68
1625834623;-68
1625834683;-68
1625834744;-68
1625834804;-68
1625834864;-68
1625834924;-68
1625834984;-68
1625835044;-68
1625835105;-68
1625835165;-68
1625835225;-68
1625835285;-68
1625835346;-68
1625835406;-68
1625835466;-68
1625835526;-68
1625835587;-68
1625835647;-68
1625835707;-68
1625835767;-68
1625835828;-68
1625835888;-67
1625835948;-68
1625836008;-68
1625836068;-68
1625836129;-68
1625836189;-68
1625836249;-68
1625836309;-68
1625836370;-68
1625836430;-68
1625836490;-68
1625836550;-68
1625836611;-68
1625836671;-68
1625836731;-68
1625836791;-68
1625836851;-68
1625836912;-68
1625836972;-68
1625837032;-68
1625837092;-69
1625837152;-68
1625837213;-68
1625837273;-67
1625837333;-68
1625837393;-68
1625837454;-68
1625837514;-68
1625837574;-68
1625837634;-68
1625837695;-68
1625837755;-68
1625837815;-68
1625837875;-68
1625837936;-68
1625837996;-68
1625838056;-68
1625838116;-68
1625838177;-68
1625838237;-68
1625838297;-68
1625838358;-68
1625838418;-68
1625838478;-68
1625838538;-68
1625838598;-68
1625838659;-68
1625838719;-68
1625838779;-68
1625838839;-70
1625838899;-68
1625838959;-68
1625839020;-68
1625839080;-68
1625839140;-68
1625839201;-68
1625839261;-68
1625839321;-68
1625839381;-68
1625839441;-68
1625839502;-68
1625839562;-68
1625839622;-68
1625839682;-68
1625839743;-68
1625839803;-68
1625839863;-68
1625839923;-68
1625839983;-68
1625840044;-68
1625840104;-68
1625840164;-68
1625840224;-68
1625840285;-68
1625840345;-68
1625840405;-68
1625840465;-68
1625840526;-68
1625840586;-67
1625840646;-68
1625840706;-68
1625840766;-68
1625840826;-68
1625840887;-67
1625840947;-68
1625841007;-68
1625841067;-68
1625841127;-68
1625841187;-68
1625841247;-68
1625841307;-68
1625841367;-68
1625841427;-68
1625841488;-68
1625841548;-68
1625841608;-68
1625841669;-67
1625841729;-68
1625841789;-68
1625841850;-68
1625841910;-68
1625841970;-68
1625842030;-68
1625842090;-68
1625842150;-68
1625842211;-68
1625842271;-68
1625842331;-68
1625842391;-68
1625842452;-68
1625842512;-68
1625842572;-68
1625842632;-68
1625842692;-68
1625842752;-68
1625842813;-68
1625842873;-68
1625842933;-68
1625842994;-68
1625843054;-68
1625843114;-68
1625843174;-68
1625843234;-68
1625843295;-68
1625843355;-68
1625843415;-68
1625843476;-68
1625843536;-68
1625843596;-68
1625843656;-68
1625843716;-68
1625843776;-68
1625843837;-68
1625843897;-68
1625843957;-68
1625844017;-68
1625844077;-68
1625844138;-68
1625844198;-68
1625844258;-68
1625844319;-68
1625844379;-68
1625844439;-68
1625844499;-68
1625844559;-68
1625844620;-68
1625844680;-68
1625844740;-68
1625844800;-68
1625844860;-68
1625844921;-68
1625844981;-67
1625845041;-68
1625845102;-68
1625845162;-68
1625845222;-68
1625845283;-68
1625845343;-68
1625845403;-68
1625845463;-68
1625845524;-68
1625845584;-68
1625845644;-68
1625845704;-68
1625845765;-68
1625845825;-69
1625845885;-68
1625845945;-69
1625846005;-69
1625846066;-69
1625846126;-68
1625846186;-69
1625846246;-68
1625846307;-68
1625846367;-69
1625846427;-69
1625846488;-69
1625846548;-68
1625846608;-69
1625846668;-68
1625846729;-69
1625846789;-68
1625846849;-69
1625846909;-68
1625846969;-69
1625847029;-69
1625847090;-68
1625847150;-69
1625847210;-68
1625847270;-68
1625847331;-68
1625847391;-68
1625847451;-68
1625847511;-69
1625847572;-69
1625847632;-69
1625847692;-68
1625847752;-68
1625847813;-69
1625847873;-68
1625847933;-69
1625847993;-68
1625848054;-68
1625848114;-69
1625848174;-68
1625848234;-69
1625848295;-69
1625848355;-69
1625848415;-69
1625848475;-69
1625848536;-69
1625848596;-68
1625848656;-68
1625848716;-68
1625848777;-68
1625848837;-68
1625848897;-68
1625848957;-68
1625849018;-68
1625849078;-68
1625849138;-68
1625849198;-68
1625849258;-68
1625849319;-69
1625849379;-68
1625849439;-68
1625849499;-68
1625849559;-68
1625849620;-68
1625849680;-68
1625849740;-68
1625849800;-68
1625849860;-68
1625849921;-68
1625849981;-68
1625850041;-68
1625850102;-68
1625850162;-68
1625850222;-68
1625850282;-68
1625850342;-68
1625850402;-68
1625850462;-68
1625850522;-68
1625850582;-68
1625850643;-68
1625850703;-68
1625850763;-68
1625850823;-68
1625850883;-68
1625850943;-68
1625851003;-68
1625851063;-68
1625851123;-68
1625851183;-68
1625851243;-69
1625851304;-68
1625851364;-68
1625851424;-68
1625851484;-68
1625851544;-68
1625851604;-68
1625851665;-68
1625851725;-68
1625851785;-68
1625851846;-68
1625851906;-68
1625851966;-68
1625852026;-68
1625852086;-68
1625852147;-68
1625852207;-68
1625852267;-68
1625852327;-68
1625852388;-68
1625852448;-68
1625852508;-68
1625852568;-68
1625852628;-68
1625852689;-68
1625852749;-68
1625852809;-67
1625852869;-68
1625852929;-68
1625852989;-68
1625853050;-68
1625853110;-68
1625853170;-68
1625853230;-69
1625853290;-68
1625853351;-68
1625853411;-69
1625853471;-68
1625853532;-68
1625853592;-68
1625853652;-68
1625853712;-68
1625853772;-69
1625853833;-69
1625853893;-68
1625853953;-68
1625854014;-68
1625854074;-68
1625854134;-68
1625854194;-68
1625854255;-68
1625854315;-68
1625854375;-68
1625854436;-68
1625854496;-68
1625854556;-68
1625854616;-68
1625854676;-69
1625854737;-68
1625854797;-68
1625854843;-68
1625854964;-68
1625855000;-68
1625855301;-69
1625855556;-68
1625855591;-68
1625855606;-68
1625855777;-68
1625855825;-68
1625855909;-68
1625856210;-68
1625856270;-68
1625856372;-68
1625856500;-68
1625856534;-68
1625856836;-68
1625856935;-68
1625856975;-68
1625857276;-68
1625857577;-68
1625857878;-68
1625858179;-68
1625858307;-68
1625858310;-69
1625858611;-68
1625858911;-68
1625859217;-68
1625859517;-68
1625859754;-68
1625859865;-68
1625859881;-68
1625859892;-67
1625859947;-68
1625859950;-68
1625860024;-68
1625860157;-68
1625860457;-68
1625860547;-68
1625860590;-69
1625860608;-69
1625860897;-69
1625861082;-68
1625861136;-68
1625861339;-68
1625861553;-69
1625861572;-68
1625861587;-68
1625861612;-68
1625861912;-68
1625862212;-68
1625862513;-68
1625862616;-68
1625862749;-68
1625862762;-68
1625863062;-68
1625863362;-68
1625863662;-69
1625863963;-68
1625864263;-68
1625864563;-68
1625864863;-69
1625865163;-68
1625865463;-68
1625865764;-69
1625866064;-69
1625866364;-69
1625866664;-69
1625866964;-69
1625867265;-69
1625867565;-69
1625867865;-69
1625868165;-70
1625868465;-70
1625868765;-69
1625869065;-69
1625869366;-69
1625869666;-69
1625869966;-70
1625870266;-69
1625870566;-70
1625870866;-70
1625871166;-70
1625871466;-69
1625871766;-70
1625872067;-69
1625872367;-70
1625872667;-69
1625872967;-70
1625873267;-70
1625873567;-69
1625873868;-69
1625874168;-70
1625874468;-70
1625874768;-70
1625875068;-70
1625875368;-69
1625875669;-69
1625875969;-70
1625876269;-70
1625876569;-69
1625876869;-69
1625877169;-70
1625877470;-70
1625877770;-70
1625878070;-70
1625878370;-70
1625878670;-69
1625878970;-70
1625879271;-69
1625879571;-70
1625879871;-70
1625880171;-69
1625880471;-70
1625880771;-70
1625881072;-70
1625881372;-70
1625881672;-69
1625881972;-70
1625882272;-69
1625882572;-69
1625882872;-70
1625883172;-70
1625883472;-69
1625883773;-69
1625884073;-70
1625884373;-70
1625884673;-69
1625884973;-70
1625885273;-69
1625885574;-70
1625885874;-70
1625886174;-70
1625886474;-69
1625886774;-69
1625887074;-69
1625887375;-70
1625887675;-69
1625887975;-69
1625888275;-69
1625888575;-70
1625888875;-69
1625889175;-70
1625889475;-69
1625889775;-70
1625890076;-70
1625890376;-69
1625890676;-69
1625890976;-69
1625891276;-70
1625891576;-69
1625891876;-70
1625892176;-70
1625892477;-69
1625892777;-69
1625893077;-69
1625893377;-68
1625893677;-69
1625893977;-69
1625894278;-68
1625894578;-69
1625894878;-69
1625895178;-69
1625895478;-69
1625895778;-69
1625896079;-68
1625896379;-69
1625896679;-69
1625896979;-69
1625897279;-69
1625897579;-68
1625897879;-68
1625898179;-69
1625898480;-69
1625898780;-68
1625899080;-68
1625899380;-68
1625899680;-68
1625899980;-69
1625900280;-69
1625900581;-69
1625900881;-68
1625901181;-69
1625901481;-69
1625901781;-69
1625902081;-68
1625902381;-68
1625902681;-69
1625902982;-68
1625903282;-69
1625903582;-69
1625903882;-68
1625904182;-69
1625904482;-69
1625904782;-69
1625905083;-69
1625905383;-69
1625905683;-69
1625905983;-69
1625906283;-69
1625906583;-69
1625906884;-69
1625907184;-68
1625907484;-68
1625907784;-68
1625908084;-69
1625908384;-68
1625908684;-69
1625908984;-69
1625909284;-69
1625909585;-69
1625909885;-68
1625910185;-68
1625910485;-69
1625910785;-69
1625911085;-68
1625911385;-69
1625911686;-69
1625911986;-68
1625912286;-69
1625912586;-68
1625912782;-69
1625912877;-69
1625913177;-69
1625913478;-68
1625913778;-68
1625913898;-69
1625914199;-68
1625914499;-69
1625914799;-69
1625915099;-69
1625915399;-68
1625915700;-69
1625916000;-68
1625916300;-69
1625916600;-69
1625916900;-68
1625917200;-69
1625917383;-68
1625917684;-69
1625917984;-68
1625918284;-69
1625918584;-70
1625918884;-70
1625919184;-70
1625919484;-70
1625919784;-70
1625920085;-70
1625920385;-70
1625920685;-70
1625920985;-69
1625921285;-69
1625921585;-70
1625921885;-69
1625922185;-69
1625922486;-69
1625922786;-70
1625923086;-70
1625923386;-69
1625923686;-69
1625923987;-69
1625924287;-69
1625924587;-69
1625924887;-69
1625925187;-69
1625925488;-69
1625925788;-69
1625926088;-69
1625926388;-69
1625926688;-69
1625926988;-69
1625927288;-70
1625927589;-69
1625927889;-69
1625928189;-69
1625928489;-69
1625928789;-69
1625929089;-69
1625929390;-70
1625929690;-69
1625929990;-69
1625930290;-69
1625930590;-69
1625930890;-69
1625931191;-69
1625931491;-69
1625931791;-69
1625932091;-71
1625932391;-70
1625932691;-69
1625932992;-69
1625933292;-70
1625933592;-70
1625933892;-69
1625934192;-70
1625934492;-70
1625934792;-70
1625935093;-70
1625935393;-70
1625935693;-70
1625935993;-70
1625936293;-70
1625936594;-69
1625936894;-69
1625937194;-69
1625937494;-70
1625937794;-69
1625938094;-70
1625938394;-69
1625938695;-70
1625938995;-69
1625939295;-69
1625939595;-70
1625939895;-69
1625940195;-70
1625940495;-70
1625940795;-69
1625941096;-70
1625941396;-70
1625941696;-70
1625941996;-70
1625942296;-70
1625942596;-70
1625942896;-70
1625943197;-70
1625943497;-70
1625943797;-69
1625944097;-70
1625944397;-70
1625944697;-70
1625944998;-70
1625945298;-70
1625945598;-70
1625945898;-71
1625946198;-70
1625946498;-69
1625946798;-70
1625947098;-70
1625947398;-69
1625947699;-69
1625947999;-70
1625948299;-69
1625948599;-70
1625948899;-69
1625949199;-70
1625949499;-70
1625949799;-71
1625950099;-70
1625950399;-70
1625950699;-70
1625951000;-71
1625951300;-70
1625951600;-69
1625951900;-69
1625952200;-70
1625952500;-70
1625952800;-71
1625953100;-70
1625953401;-70
1625953701;-70
1625954001;-70
1625954301;-70
1625954601;-70
1625954902;-70
1625955202;-70
1625955502;-70
1625955802;-69
1625956102;-70
1625956402;-70
1625956702;-70
1625957003;-70
1625957303;-70
1625957603;-71
1625957903;-71
1625958203;-70
1625958503;-70
1625958803;-71
1625959104;-70
1625959404;-70
1625959704;-70
1625960004;-71
1625960304;-70
1625960604;-71
1625960904;-71
1625961204;-70
1625961505;-70
1625961805;-70
1625962105;-70
1625962405;-71
1625962705;-70
1625963005;-70
1625963305;-71
1625963606;-70
1625963906;-71
1625964206;-71
1625964506;-69
1625964806;-70
1625965107;-70
1625965407;-70
1625965707;-70
1625966007;-70
1625966307;-70
1625966607;-70
1625966908;-69
1625967208;-70
1625967508;-70
1625967808;-70
1625968108;-70
1625968408;-70
1625968708;-70
1625969008;-70
1625969308;-70
1625969609;-70
1625969909;-70
1625970209;-70
1625970509;-70
1625970809;-70
1625971109;-69
1625971409;-70
1625971710;-70
1625972010;-69
1625972310;-69
1625972610;-70
1625972910;-69
1625973210;-70
1625973510;-70
1625973811;-70
1625974111;-70
1625974411;-70
1625974711;-69
1625975011;-70
1625975311;-70
1625975611;-70
1625975912;-69
1625976212;-70
1625976512;-70
1625976812;-69
1625977112;-69
1625977412;-70
1625977712;-70
1625978012;-70
1625978313;-70
1625978613;-69
1625978913;-70
1625979213;-70
1625979513;-69
1625979814;-69
1625980114;-69
1625980414;-70
1625980714;-70
1625981014;-70
1625981314;-70
1625981615;-70
1625981915;-70
1625982215;-71
1625982515;-70
1625982815;-70
1625983115;-70
1625983415;-71
1625983715;-70
1625984016;-70
1625984316;-70
1625984616;-70
1625984916;-70
1625985216;-70
1625985516;-70
1625985817;-70
1625986117;-70
1625986417;-70
1625986717;-70
1625987017;-70
1625987318;-70
1625987618;-70
1625987918;-70
1625988218;-70
1625988518;-70
1625988818;-70
1625989118;-70
1625989419;-70
1625989719;-69
1625990019;-69
1625990319;-70
1625990619;-69
1625990919;-69
1625991219;-69
1625991520;-69
1625991820;-70
1625992120;-69
1625992420;-68
1625992720;-69
1625993020;-70
1625993320;-69
1625993621;-68
1625993921;-68
1625994221;-69
1625994521;-68
1625994821;-69
1625995121;-68
1625995421;-69
1625995722;-68
1625996022;-68
1625996322;-68
1625996622;-68
1625996922;-69
1625997222;-68
1625997522;-68
1625997822;-69
1625998123;-70
1625998423;-69
1625998723;-70
1625999023;-70
1625999323;-69
1625999623;-69
1625999923;-70
1626000224;-70
1626000524;-71
1626000824;-71
1626001124;-71
1626001424;-71
1626001724;-71
1626002024;-71
1626002324;-71
1626002625;-71
1626002925;-71
1626003225;-72
1626003525;-71
1626003825;-71
1626004125;-71
1626004425;-71
1626004725;-71
1626005025;-71
1626005326;-71
1626005626;-71
1626005926;-71
1626006226;-72
1626006526;-71
1626006826;-72
1626007126;-71
1626007426;-71
1626007727;-71
1626008027;-72
1626008327;-72
1626008627;-72
1626008927;-72
1626009228;-72
1626009528;-72
1626009828;-72
1626010128;-72
1626010428;-72
1626010728;-72
1626011028;-72
1626011329;-72
1626011629;-71
1626011929;-72
1626012229;-72
1626012529;-72
1626012829;-72
1626013130;-72
1626013430;-71
1626013730;-72
1626014030;-72
1626014330;-72
1626014630;-71
1626014931;-72
1626015231;-72
1626015531;-72
1626015831;-72
1626016131;-72
1626016431;-72
1626016731;-72
1626017031;-72
1626017332;-71
1626017632;-71
1626017932;-71
1626018232;-71
1626018532;-71
1626018832;-71
1626019132;-71
1626019433;-71
1626019733;-71
1626020033;-71
1626020333;-71
1626020633;-71
1626020933;-71
1626021234;-71
1626021534;-71
1626021834;-71
1626022134;-71
1626022434;-69
1626022734;-69
1626023035;-69
1626023335;-69
1626023635;-69
1626023935;-69
1626024235;-69
1626024535;-69
1626024835;-69
1626025136;-69
1626025436;-69
1626025736;-69
1626026036;-69
1626026336;-69
1626026636;-69
1626026936;-69
1626027236;-69
1626027537;-69
1626027837;-69
1626028137;-69
1626028437;-69
1626028737;-69
1626029038;-69
1626029338;-69
1626029638;-69
1626029938;-69
1626030238;-69
1626030538;-69
1626030838;-69
1626031139;-69
1626031439;-69
1626031739;-69
1626032039;-69
1626032339;-69
1626032639;-69
1626032940;-69
1626033240;-69
1626033540;-69
1626033840;-69
1626034140;-69
1626034440;-69
1626034740;-69
1626035041;-69
1626035341;-69
1626035641;-69
1626035941;-69
1626036241;-69
1626036541;-69
1626036841;-69
1626037141;-68
1626037442;-69
1626037742;-68
1626038042;-68
1626038342;-68
1626038642;-68
1626038942;-69
1626039242;-68
1626039543;-68
1626039843;-68
1626040143;-68
1626040443;-69
1626040743;-68
1626041043;-70
1626041344;-69
1626041644;-69
1626041944;-69
1626042244;-69
1626042544;-69
1626042844;-68
1626043144;-69
1626043444;-69
1626043745;-69
1626044045;-69
1626044345;-68
1626044645;-69
1626044945;-69
1626045245;-69
1626045545;-68
1626045846;-69
1626046146;-70
1626046446;-69
1626046746;-69
1626047046;-69
1626047347;-69
1626047647;-69
1626047947;-69
1626048247;-69
1626048547;-69
1626048847;-69
1626049147;-69
1626049447;-69
1626049748;-69
1626050048;-69
1626050348;-69
1626050648;-69
1626050948;-69
1626051248;-69
1626051548;-69
1626051849;-69
1626052149;-69
1626052449;-69
1626052749;-69
1626053049;-69
1626053350;-69
1626053650;-70
1626053950;-69
1626054250;-69
1626054550;-69
1626054850;-69
1626055150;-69
1626055451;-69
1626055751;-69
1626056051;-69
1626056351;-69
1626056651;-69
1626056951;-69
1626057251;-70
1626057552;-69
1626057852;-69
1626058152;-69
1626058452;-69
1626058752;-69
1626059052;-69
1626059352;-69
1626059652;-69
1626059953;-69
1626060253;-69
1626060553;-69
1626060853;-69
1626061154;-69
1626061454;-69
1626061754;-69
1626062054;-70
1626062354;-69
1626062654;-69
1626062954;-69
1626063254;-69
1626063555;-69
1626063855;-69
1626064155;-69
1626064455;-69
1626064755;-69
1626065055;-69
1626065355;-69
1626065656;-69
1626065956;-69
1626066256;-69
1626066556;-69
1626066856;-69
1626067156;-69
1626067457;-69
1626067757;-69
1626068057;-69
1626068357;-69
1626068657;-69
1626068957;-69
1626069258;-69
1626069558;-69
1626069858;-69
1626070158;-69
1626070458;-69
1626070758;-69
1626071058;-69
1626071358;-69
1626071659;-69
1626071959;-69
1626072259;-69
1626072559;-69
1626072859;-69
1626073160;-69
1626073460;-70
1626073760;-69
1626074060;-69
1626074360;-69
1626074661;-69
1626074961;-69
1626075261;-69
1626075561;-69
1626075861;-69
1626076162;-69
1626076462;-69
1626076762;-69
1626077062;-69
1626077362;-69
1626077662;-69
1626077963;-69
1626078263;-69
1626078563;-69
1626078863;-69
1626079163;-69
1626079463;-69
1626079764;-69
1626080064;-71
1626080364;-70
1626080664;-70
1626080964;-70
1626081264;-70
1626081565;-70
1626081865;-70
1626082165;-70
1626082465;-70
1626082765;-70
1626083065;-70
1626083365;-70
1626083666;-70
1626083966;-70
1626084266;-70
1626084566;-68
1626084866;-68
1626085166;-68
1626085466;-68
1626085766;-68
1626086067;-69
1626086367;-69
1626086667;-68
1626086967;-68
1626087267;-68
1626087568;-68
1626087868;-68
1626088168;-68
1626088468;-68
1626088768;-68
1626089068;-68
1626089368;-68
1626089669;-68
1626089969;-68
1626090269;-68
1626090569;-68
1626090869;-68
1626091169;-68
1626091469;-68
1626091770;-68
1626092070;-68
1626092370;-68
1626092670;-68
1626092970;-68
1626093270;-68
1626093570;-68
1626093871;-68
1626094171;-67
1626094471;-67
1626094771;-67
1626095071;-67
1626095371;-67
1626095672;-67
1626095972;-67
1626096272;-67
1626096572;-68
1626096872;-68
1626097173;-67
1626097473;-67
1626097773;-67
1626098073;-67
1626098373;-67
1626098673;-67
1626098974;-67
1626099274;-68
1626099574;-68
1626099874;-67
1626100174;-68
1626100474;-68
1626100775;-68
1626101075;-68
1626101375;-68
1626101675;-67
1626101975;-67
1626102276;-67
1626102576;-68
1626102876;-68
1626103176;-67
1626103476;-68
1626103776;-68
1626104077;-68
1626104377;-68
1626104677;-68
1626104977;-68
1626105277;-68
1626105577;-68
1626105878;-68
1626106178;-68
1626106478;-68
1626106778;-68
1626107078;-69
1626107378;-68
1626107679;-68
1626107979;-69
1626108279;-69
1626108579;-69
1626108879;-69
1626109179;-69
1626109479;-68
1626109780;-68
1626110080;-68
1626110380;-68
1626110680;-68
1626110980;-69
1626111281;-69
1626111581;-69
1626111881;-70
1626112181;-68
1626112481;-68
1626112781;-68
1626113082;-69
1626113382;-69
1626113682;-68
1626113982;-69
1626114282;-68
1626114582;-68
1626114883;-69
1626115183;-68
1626115483;-69
1626115783;-68
1626116083;-68
1626116383;-68
1626116683;-68
1626116983;-68
1626117283;-68
1626117583;-69
1626117884;-69
1626118184;-69
1626118484;-67
1626118784;-68
1626119084;-68
1626119384;-67
1626119684;-67
1626119985;-68
1626120285;-66
1626120587;-70
1626120887;-66
1626121187;-66
1626121488;-66
1626121788;-67
1626122088;-66
1626122388;-65
1626122688;-64
1626122989;-69
1626123289;-64
1626123589;-65
1626123889;-65
1626124189;-65
1626124490;-65
1626124790;-65
1626125090;-65
1626125390;-65
1626125690;-66
1626125991;-65
1626126291;-65
1626126591;-65
1626126891;-65
1626127192;-65
1626127492;-65
1626127792;-66
1626128092;-66
1626128392;-65
1626128693;-65
1626128993;-66
1626129293;-66
1626129593;-65
1626129893;-65
1626130194;-66
1626130494;-65
1626130794;-65
1626131094;-65
1626131395;-66
1626131695;-65
1626131995;-65
1626132295;-65
1626132595;-65
1626132896;-65
1626133196;-65
1626133496;-65
1626133796;-65
1626134097;-66
1626134397;-65
1626134697;-66
1626134998;-65
1626135298;-65
1626135598;-65
1626135899;-65
1626136199;-65
1626136499;-64
1626136799;-65
1626137100;-66
1626137400;-65
1626137700;-65
1626138000;-65
1626138301;-65
1626138601;-65
1626138901;-65
1626139201;-64
1626139502;-65
1626139802;-65
1626140102;-65
1626140402;-65
1626140703;-66
1626141003;-66
1626141303;-65
1626141603;-66
1626141903;-65
1626142203;-66
1626142504;-65
1626142804;-65
1626143104;-65
1626143404;-65
1626143704;-65
1626144005;-65
1626144305;-65
1626144605;-65
1626144905;-65
1626145205;-65
1626145505;-65
1626145806;-65
1626146106;-65
1626146406;-65
1626146706;-65
1626147006;-65
1626147306;-65
1626147606;-65
1626147907;-65
1626148207;-66
1626148507;-65
1626148807;-65
1626149108;-65
1626149408;-65
1626149708;-65
1626150008;-65
1626150308;-65
1626150609;-65
1626150909;-64
1626151209;-65
1626151509;-65
1626151809;-65
1626152109;-65
1626152410;-65
1626152710;-65
1626153010;-65
1626153310;-65
1626153610;-65
1626153910;-65
1626154210;-65
1626154511;-65
1626154811;-65
1626155111;-65
1626155411;-65
1626155711;-65
1626156012;-65
1626156312;-65
1626156612;-65
1626156912;-65
1626157212;-65
1626157513;-65
1626157813;-64
1626158113;-65
1626158413;-64
1626158713;-64
1626159014;-65
1626159314;-64
1626159614;-65
1626159914;-65
1626160214;-65
1626160514;-66
1626160814;-65
1626161114;-68
1626161414;-66
1626161714;-64
1626162015;-66
1626162315;-68
1626162615;-65
1626162915;-65
1626163215;-65
1626163515;-65
1626163815;-68
1626164115;-65
1626164416;-64
1626164716;-65
1626165016;-65
1626165316;-64
1626165616;-64
1626165916;-65
1626166216;-64
1626166516;-65
1626166817;-67
1626167117;-66
1626167417;-68
1626167717;-69
1626168017;-68
1626168317;-69
1626168618;-67
1626168918;-66
1626169218;-66
1626169518;-67
1626169818;-66
1626170118;-65
1626170419;-66
1626170719;-65
1626171019;-68
1626171319;-65
1626171619;-66
1626171920;-66
1626172220;-68
1626172520;-68
1626172820;-66
1626173120;-66
1626173421;-65
1626173721;-68
1626174021;-69
1626174321;-65
1626174622;-66
1626174922;-65
1626175222;-66
1626175522;-66
1626175822;-66
1626176122;-66
1626176422;-65
1626176722;-67
1626177022;-67
1626177323;-67
1626177623;-66
1626177923;-65
1626178223;-66
1626178523;-65
1626178823;-67
1626179123;-68
1626179423;-66
1626179723;-66
1626180023;-67
1626180324;-66
1626180624;-68
1626180924;-64
1626181224;-64
1626181524;-64
1626181824;-64
1626182124;-64
1626182424;-65
1626182725;-65
1626183025;-66
1626183325;-66
1626183625;-69
1626183925;-68
1626184225;-67
1626184525;-68
1626184826;-68
1626185126;-65
1626185426;-66
1626185726;-66
1626186026;-65
1626186327;-65
1626186627;-66
1626186927;-67
1626187227;-69
1626187528;-67
1626187828;-67
1626188128;-69
1626188428;-67
1626188728;-66
1626189028;-66
1626189329;-69
1626189629;-69
1626189929;-69
1626190229;-70
1626190529;-70
1626190829;-70
1626191129;-70
1626191430;-70
1626191730;-70
1626192030;-70
1626192330;-68
1626192630;-69
1626192930;-68
1626193231;-69
1626193531;-70
1626193831;-70
1626194131;-71
1626194431;-70
1626194731;-70
1626195032;-70
1626195332;-69
1626195632;-69
1626195932;-69
1626196232;-69
1626196532;-69
1626196832;-70
1626197132;-70
1626197433;-69
1626197733;-69
1626198033;-69
1626198333;-70
1626198634;-70
1626198934;-69
1626199234;-70
1626199534;-70
1626199834;-69
1626200135;-69
1626200435;-70
1626200735;-70
1626201035;-69
1626201336;-69
1626201636;-70
1626201936;-69
1626202236;-69
1626202536;-69
1626202836;-69
1626203136;-69
1626203436;-69
1626203737;-70
1626204037;-69
1626204337;-70
1626204637;-69
1626204937;-69
1626205238;-69
1626205538;-68
1626205838;-69
1626206138;-69
1626206439;-68
1626206739;-69
1626207039;-68
1626207339;-68
1626207640;-68
1626207940;-69
1626208240;-69
1626208540;-69
1626208841;-69
1626209141;-68
1626209441;-68
1626209741;-64
1626210041;-65
1626210342;-65
1626210642;-65
1626210942;-67
1626211242;-67
1626211542;-67
1626211842;-67
1626212142;-67
1626212443;-67
1626212743;-67
1626213043;-67
1626213343;-67
1626213643;-68
1626213944;-68
1626214244;-67
1626214544;-67
1626214844;-68
1626215144;-67
1626215444;-67
1626215745;-67
1626216045;-68
1626216345;-67
1626216645;-68
1626216945;-67
1626217246;-67
1626217546;-67
1626217846;-67
1626218146;-67
1626218446;-67
1626218746;-67
1626219047;-67
1626219347;-67
1626219647;-67
1626219947;-67
1626220248;-67
1626220548;-67
1626220848;-67
1626221148;-67
1626221448;-67
1626221748;-68
1626222048;-67
1626222349;-68
1626222649;-67
1626222949;-67
1626223249;-68
1626223549;-68
1626223849;-68
1626224150;-67
1626224450;-67
1626224750;-67
1626225050;-67
1626225350;-67
1626225650;-67
1626225950;-67
1626226250;-67
1626226550;-68
1626226850;-68
1626227150;-67
1626227450;-68
1626227751;-68
1626228051;-68
1626228351;-68
1626228651;-68
1626228951;-67
1626229251;-67
1626229551;-67
1626229851;-67
1626230151;-68
1626230451;-68
1626230751;-68
1626231052;-67
1626231352;-67
1626231652;-67
1626231952;-68
1626232252;-68
1626232552;-67
1626232853;-67
1626233153;-67
1626233453;-67
1626233753;-67
1626234053;-67
1626234353;-68
1626234654;-68
1626234954;-67
1626235254;-68
1626235554;-68
1626235854;-67
1626236154;-68
1626236454;-67
1626236755;-68
1626237055;-68
1626237355;-67
1626237655;-67
1626237955;-67
1626238255;-67
1626238556;-68
1626238856;-67
1626239156;-67
1626239456;-67
1626239756;-67
1626240056;-67
1626240356;-68
1626240657;-67
1626240957;-68
1626241257;-68
1626241557;-68
1626241857;-67
1626242158;-68
1626242458;-68
1626242758;-68
1626243058;-68
1626243358;-67
1626243659;-68
1626243959;-68
1626244259;-68
1626244559;-67
1626244859;-68
1626245160;-68
1626245460;-68
1626245760;-70
1626246060;-69
1626246360;-71
1626246661;-70
1626246961;-70
1626247261;-68
1626247561;-68
1626247861;-69
1626248161;-69
1626248462;-68
1626248762;-68
1626249062;-68
1626249362;-68
1626249662;-69
1626249962;-70
1626250262;-70
1626250562;-70
1626250863;-70
1626251163;-70
1626251463;-69
1626251763;-69
1626252063;-70
1626252363;-69
1626252663;-69
1626252964;-69
1626253264;-70
1626253564;-70
1626253864;-70
1626254165;-71
1626254465;-66
1626254765;-66
1626255065;-66
1626255365;-72
1626255666;-71
1626255966;-71
1626256266;-71
1626256567;-71
1626256867;-71
1626257167;-72
1626257467;-72
1626257767;-71
1626258067;-72
1626258367;-72
1626258668;-72
1626258968;-71
1626259360;-71
1626259406;-71
1626259706;-71
1626260007;-71
1626260307;-71
1626260607;-71
1626260907;-71
1626261208;-71
1626261508;-71
1626261808;-71
1626262108;-71
1626262408;-71
1626262708;-71
1626263009;-71
1626263309;-71
1626263609;-71
1626263909;-71
1626264209;-71
1626264510;-71
1626264810;-71
1626265110;-71
1626265410;-71
1626265711;-71
1626266011;-71
1626266311;-71
1626266611;-71
1626266911;-71
1626267212;-71
1626267512;-71
1626267812;-70
1626268112;-71
1626268412;-70
1626268713;-71
1626269013;-71
1626269313;-70
1626269613;-71
1626269913;-71
1626270214;-71
1626270514;-71
1626270814;-69
1626271114;-69
1626271414;-69
1626271714;-72
1626272014;-65
1626272314;-67
1626272615;-65
1626272915;-71
1626273215;-69
1626273515;-69
1626273816;-69
1626274116;-69
1626274416;-69
1626274716;-69
1626275016;-69
1626275316;-69
1626275617;-68
1626275917;-69
1626276217;-69
1626276517;-69
1626276817;-69
1626277117;-69
1626277417;-70
1626277717;-69
1626278018;-69
1626278318;-69
1626278618;-69
1626278918;-69
1626279218;-69
1626279518;-69
1626279818;-69
1626280119;-69
1626280419;-69
1626280719;-71
1626281019;-69
1626281320;-69
1626281620;-69
1626281920;-69
1626282220;-68
1626282521;-69
1626282821;-69
1626283121;-69
1626283421;-69
1626283721;-70
1626284021;-69
1626284322;-69
1626284622;-69
1626284922;-70
1626285222;-68
1626285522;-69
1626285822;-68
1626286123;-70
1626286423;-69
1626286723;-69
1626287023;-69
1626287323;-69
1626287624;-70
1626287924;-69
1626288224;-70
1626288524;-69
1626288824;-70
1626289124;-70
1626289425;-70
1626289725;-70
1626290025;-70
1626290325;-69
1626290625;-70
1626290925;-70
1626291225;-70
1626291525;-70
1626291825;-69
1626292125;-68
1626292425;-68
1626292659;-69
1626292955;-69
1626293229;-69
1626293257;-69
1626293333;-70
1626293357;-69
1626293406;-69
1626293706;-70
1626294006;-70
1626294307;-70
1626294607;-70
1626294907;-69
1626295207;-65
1626295507;-65
1626295807;-65
1626296107;-66
1626296408;-65
1626296708;-65
1626297008;-67
1626297308;-70
1626297608;-70
1626297908;-70
1626298208;-70
1626298509;-70
1626298809;-70
1626299109;-70
1626299409;-70
1626299709;-71
1626300009;-71
1626300309;-71
1626300609;-71
1626300910;-72
1626301210;-72
1626301510;-71
1626301810;-71
1626302110;-71
1626302410;-71
1626302710;-71
1626303010;-71
1626303311;-71
1626303611;-70
1626303911;-71
1626304211;-71
1626304511;-71
1626304812;-71
1626305112;-71
1626305412;-71
1626305712;-71
1626306012;-71
1626306312;-71
1626306612;-71
1626306913;-71
1626307213;-71
1626307513;-71
1626307813;-71
1626308113;-71
1626308413;-71
1626308713;-72
1626309014;-71
1626309314;-71
1626309614;-71
1626309914;-71
1626310214;-71
1626310514;-71
1626310814;-71
1626311114;-71
1626311414;-71
1626311714;-71
1626312014;-71
1626312315;-71
1626312615;-71
1626312915;-71
1626313215;-71
1626313515;-71
1626313815;-71
1626314116;-71
1626314416;-71
1626314716;-71
1626315016;-71
1626315316;-71
1626315616;-71
1626315916;-71
1626316217;-71
1626316517;-71
1626316817;-71
1626317117;-71
1626317417;-71
1626317717;-72
1626318018;-71
1626318318;-71
1626318618;-71
1626318918;-71
1626319218;-71
1626319518;-71
1626319818;-70
1626320119;-70
1626320419;-70
1626320719;-71
1626321019;-71
1626321320;-72
1626321620;-71
1626321920;-71
1626322220;-71
1626322520;-70
1626322821;-70
1626323121;-71
1626323421;-70
1626323721;-70
1626324021;-71
1626324322;-71
1626324622;-70
1626324922;-71
1626325222;-70
1626325522;-70
1626325822;-69
1626326122;-70
1626326422;-69
1626326723;-70
1626327023;-69
1626327323;-70
1626327623;-70
1626327924;-69
1626328224;-69
1626328524;-69
1626328824;-70
1626329124;-70
1626329424;-70
1626329725;-70
1626330025;-70
1626330325;-70
1626330625;-70
1626330925;-70
1626331225;-70
1626331525;-70
1626331825;-70
1626332125;-70
1626332425;-71
1626332725;-70
1626333025;-69
1626333325;-69
1626333625;-71
1626333926;-70
1626334226;-70
1626334526;-70
1626334826;-69
1626335126;-70
1626335426;-64
1626335726;-65
1626336027;-68
1626336327;-69
1626336627;-69
1626336927;-69
1626337227;-69
1626337527;-69
1626337827;-69
1626338128;-69
1626338428;-68
1626338555;-68
1626338855;-68
1626339155;-68
1626339455;-68
1626339755;-68
1626340055;-69
1626340355;-69
1626340656;-70
1626340956;-69
1626341256;-69
1626341556;-69
1626341856;-70
1626342156;-70
1626342456;-70
1626342757;-71
1626343057;-69
1626343357;-69
1626343657;-69
1626343958;-70
1626344258;-69
1626344558;-69
1626344858;-70
1626345158;-70
1626345458;-69
1626345758;-69
1626346059;-68
1626346359;-69
1626346659;-69
1626346959;-68
1626347259;-70
1626347560;-69
1626347860;-67
1626348160;-68
1626348460;-69
1626348760;-67
1626349060;-69
1626349360;-67
1626349661;-68
1626349961;-68
1626350261;-66
1626350561;-66
1626350861;-66
1626351161;-65
1626351462;-65
1626351762;-64
1626352062;-63
1626352362;-69
1626352662;-70
1626352963;-69
1626353263;-70
1626353563;-69
1626353863;-71
1626354163;-70
1626354463;-70
1626354764;-70
1626355064;-70
1626355364;-70
1626355664;-69
1626355964;-70
1626356264;-70
1626356565;-70
1626356865;-70
1626357166;-70
1626357466;-70
1626357766;-70
1626358066;-70
1626358366;-71
1626358667;-71
1626358967;-71
1626359267;-71
1626359567;-71
1626359867;-70
1626360167;-70
1626360467;-70
1626360767;-70
1626361067;-70
1626361367;-70
1626361667;-70
1626361968;-70
1626362268;-70
1626362568;-70
1626362868;-70
1626363168;-70
1626363468;-70
1626363769;-69
1626364069;-70
1626364369;-70
1626364669;-70
1626364969;-70
1626365270;-70
1626365570;-70
1626365870;-70
1626366170;-70
1626366471;-70
1626366771;-70
1626367071;-70
1626367371;-70
1626367671;-70
1626367971;-70
1626368272;-70
1626368572;-70
1626368872;-70
1626369172;-70
1626369472;-70
1626369772;-70
1626370072;-70
1626370372;-70
1626370672;-70
1626370973;-70
1626371273;-70
1626371573;-70
1626371873;-70
1626372173;-70
1626372474;-70
1626372774;-70
1626373074;-70
1626373375;-70
1626373675;-70
1626373975;-70
1626374276;-70
1626374576;-70
1626374876;-70
1626375176;-70
1626375476;-70
1626375776;-70
1626376077;-70
1626376377;-69
1626376677;-69
1626376977;-65
1626377277;-68
1626377578;-69
1626377878;-65
1626378178;-65
1626378478;-67
1626378778;-65
1626379079;-65
1626379379;-66
1626379679;-64
1626379979;-65
1626380280;-66
1626380580;-67
1626380880;-67
1626381180;-63
1626381480;-64
1626381780;-64
1626382080;-66
1626382381;-65
1626382681;-67
1626382981;-66
1626383281;-64
1626383581;-65
1626383882;-65
1626384182;-68
1626384482;-68
1626384782;-69
1626385082;-68
1626385382;-68
1626385682;-69
1626385982;-69
1626386282;-68
1626386583;-69
1626386883;-69
1626387183;-69
1626387484;-69
1626387784;-69
1626388084;-69
1626388384;-69
1626388684;-69
1626388984;-69
1626389285;-69
1626389585;-69
1626389885;-69
1626390185;-69
1626390485;-69
1626390785;-69
1626391086;-69
1626391386;-69
1626391686;-69
1626391986;-69
1626392286;-69
1626392586;-69
1626392886;-69
1626393187;-69
1626393487;-69
1626393787;-69
1626394087;-69
1626394387;-69
1626394688;-69
1626394988;-69
1626395288;-69
1626395588;-69
1626395888;-69
1626396189;-69
1626396489;-69
1626396789;-69
1626397089;-69
1626397389;-69
1626397689;-69
1626397990;-69
1626398290;-69
1626398590;-69
1626398890;-69
1626399190;-69
1626399490;-69
1626399790;-69
1626400091;-69
1626400391;-69
1626400691;-69
1626400991;-69
1626401291;-69
1626401592;-69
1626401892;-69
1626402192;-69
1626402492;-69
1626402792;-69
1626403092;-69
1626403392;-69
1626403693;-69
1626403993;-69
1626404293;-69
1626404593;-69
1626404893;-69
1626405193;-69
1626405493;-69
1626405793;-69
1626406093;-69
1626406393;-69
1626406693;-69
1626406993;-68
1626407293;-68
1626407594;-69
1626407894;-69
1626408194;-69
1626408495;-69
1626408795;-69
1626409095;-69
1626409395;-69
1626409695;-69
1626409996;-68
1626410296;-69
1626410596;-68
1626410896;-69
1626411196;-69
1626411496;-69
1626411796;-69
1626412097;-69
1626412397;-69
1626412697;-69
1626412997;-68
1626413297;-68
1626413597;-69
1626413898;-68
1626414198;-68
1626414498;-69
1626414798;-68
1626415099;-69
1626415399;-69
1626415699;-68
1626415999;-69
1626416299;-69
1626416599;-69
1626416900;-69
1626417200;-68
1626417500;-69
1626417800;-69
1626418101;-68
1626418401;-67
1626418701;-68
1626419001;-67
1626419301;-67
1626419601;-67
1626419902;-67
1626420202;-67
1626420502;-67
1626420802;-68
1626421103;-67
1626421403;-67
1626421703;-68
1626422003;-68
1626422304;-68
1626422605;-66
1626422905;-68
1626423205;-67
1626423505;-67
1626423806;-68
1626424106;-69
1626424406;-68
1626424706;-68
1626425006;-69
1626425306;-68
1626425606;-68
1626425907;-68
1626426207;-67
1626426507;-67
1626426807;-67
1626427107;-67
1626427408;-66
1626427708;-66
1626428008;-66
1626428308;-66
1626428608;-67
1626428908;-68
1626429209;-67
1626429509;-68
1626429809;-68
1626430109;-68
1626430409;-68
1626430709;-68
1626431009;-68
1626431310;-68
1626431610;-67
1626431910;-67
1626432210;-67
1626432510;-68
1626432811;-67
1626433111;-67
1626433411;-67
1626433711;-67
1626434011;-68
1626434312;-69
1626434612;-68
1626434912;-68
1626435212;-69
1626435513;-68
1626435813;-68
1626436113;-68
1626436413;-68
1626436714;-68
1626437014;-68
1626437314;-69
1626437614;-69
1626437915;-68
1626438215;-69
1626438515;-68
1626438815;-68
1626439115;-68
1626439415;-68
1626439715;-68
1626440016;-68
1626440316;-68
1626440616;-68
1626440916;-68
1626441216;-67
1626441516;-69
1626441817;-68
1626442117;-69
1626442417;-70
1626442717;-69
1626443017;-70
1626443318;-69
1626443618;-69
1626443918;-70
1626444218;-70
1626444518;-70
1626444818;-69
1626445118;-70
1626445419;-70
1626445719;-70
1626446019;-69
1626446319;-70
1626446619;-69
1626446920;-69
1626447220;-70
1626447520;-69
1626447820;-69
1626448120;-69
1626448421;-69
1626448721;-70
1626449021;-69
1626449321;-70
1626449621;-70
1626449921;-70
1626450221;-70
1626450522;-70
1626450822;-69
1626451122;-69
1626451422;-69
1626451722;-70
1626452022;-70
1626452323;-69
1626452623;-70
1626452923;-70
1626453223;-70
1626453523;-70
1626453824;-69
1626454124;-69
1626454424;-70
1626454724;-69
1626455024;-70
1626455324;-69
1626455624;-67
1626455924;-68
1626456224;-67
1626456525;-68
1626456825;-67
1626457125;-68
1626457425;-67
1626457726;-68
1626458026;-69
1626458326;-66
1626458626;-69
1626458926;-68
1626459226;-68
1626459526;-68
1626459827;-69
1626460127;-68
1626460427;-68
1626460727;-69
1626461027;-68
1626461327;-68
1626461627;-69
1626461928;-68
1626462228;-66
1626462528;-71
1626462828;-68
1626463128;-71
1626463428;-69
1626463728;-68
1626464028;-69
1626464329;-69
1626464629;-69
1626464929;-70
1626465229;-69
1626465529;-68
1626465829;-67
1626466129;-69
1626466430;-70
1626466730;-70
1626467030;-69
1626467330;-70
1626467630;-69
1626467930;-66
1626468231;-69
1626468531;-67
1626468831;-67
1626469131;-67
1626469431;-67
1626469732;-68
1626470032;-67
1626470332;-66
1626470632;-66
1626470932;-68
1626471232;-66
1626471532;-67
1626471833;-67
1626472133;-67
1626472433;-66
1626472733;-66
1626473033;-70
1626473333;-70
1626473633;-71
1626473933;-70
1626474233;-70
1626474534;-69
1626474834;-68
1626475134;-67
1626475434;-67
1626475734;-68
1626476034;-68
1626476334;-69
1626476634;-68
1626476934;-68
1626477234;-69
1626477535;-68
1626477835;-68
1626478135;-68
1626478435;-67
1626478735;-68
1626479035;-69
1626479336;-68
1626479636;-68
1626479936;-68
1626480236;-68
1626480536;-69
1626480837;-68
1626481137;-68
1626481437;-68
1626481737;-69
1626482037;-68
1626482338;-68
1626482638;-68
1626482938;-69
1626483238;-68
1626483538;-68
1626483838;-69
1626484139;-69
1626484439;-69
1626484739;-68
1626485039;-67
1626485339;-68
1626485640;-67
1626485940;-67
1626486240;-68
1626486540;-68
1626486840;-68
1626487141;-68
1626487441;-69
1626487741;-68
1626488041;-68
1626488341;-67
1626488641;-68
1626488941;-67
1626489242;-68
1626489542;-68
1626489842;-68
1626490142;-68
1626490442;-68
1626490742;-68
1626491042;-69
1626491343;-69
1626491643;-68
1626491943;-69
1626492243;-69
1626492544;-69
1626492844;-69
1626493144;-69
1626493444;-69
1626493744;-68
1626494044;-68
1626494345;-67
1626494645;-68
1626494945;-68
1626495245;-67
1626495545;-68
1626495845;-67
1626496146;-68
1626496446;-68
1626496746;-68
1626497046;-68
1626497346;-67
1626497646;-68
1626497947;-67
1626498247;-68
1626498547;-68
1626498847;-68
1626499147;-68
1626499447;-68
1626499748;-69
1626500048;-68
1626500348;-69
1626500648;-69
1626500948;-68
1626501248;-69
1626501549;-69
1626501849;-68
1626502149;-69
1626502449;-69
1626502749;-68
1626503050;-69
1626503350;-69
1626503650;-69
1626503950;-69
1626504250;-68
1626504551;-69
1626504851;-68
1626505151;-68
1626505451;-69
1626505751;-69
1626506052;-69
1626506352;-69
1626506652;-69
1626506952;-69
1626507252;-69
1626507552;-69
1626507852;-68
1626508152;-69
1626508452;-68
1626508753;-68
1626509053;-69
1626509353;-69
1626509653;-68
1626509954;-68
1626510254;-69
1626510554;-68
1626510854;-71
1626511155;-68
1626511455;-68
1626511755;-68
1626512055;-67
1626512355;-69
1626512655;-68
1626512956;-68
1626513256;-67
1626513556;-68
1626513856;-68
1626514157;-69
1626514457;-67
1626514757;-67
1626515057;-67
1626515357;-67
1626515658;-68
1626515958;-67
1626516258;-68
1626516558;-68
1626516858;-67
1626517158;-68
1626517458;-68
1626517758;-68
1626518059;-68
1626518359;-68
1626518659;-68
1626518959;-68
1626519259;-68
1626519560;-68
1626519860;-68
1626520160;-68
1626520460;-68
1626520760;-68
1626521060;-68
1626521361;-67
1626521661;-68
1626521961;-67
1626522262;-67
1626522562;-67
1626522862;-67
1626523162;-67
1626523463;-67
1626523763;-66
1626524063;-67
1626524363;-67
1626524663;-67
1626524963;-67
1626525264;-67
1626525564;-67
1626525864;-67
1626526164;-67
1626526464;-67
1626526765;-67
1626527065;-67
1626527365;-68
1626527665;-67
1626527965;-67
1626528265;-67
1626528565;-67
1626528866;-67
1626529166;-68
1626529466;-68
1626529766;-67
1626530066;-67
1626530366;-67
1626530666;-67
1626530966;-67
1626531266;-68
1626531566;-67
1626531866;-66
1626532167;-66
1626532467;-66
1626532767;-67
1626533067;-66
1626533367;-67
1626533668;-67
1626533968;-67
1626534268;-67
1626534568;-66
1626534868;-66
1626535168;-67
1626535468;-67
1626535768;-68
1626536069;-67
1626536369;-67
1626536669;-67
1626536969;-67
1626537269;-67
1626537569;-67
1626537869;-67
1626538170;-67
1626538470;-67
1626538770;-67
1626539070;-66
1626539370;-67
1626539670;-67
1626539970;-67
1626540271;-67
1626540571;-67
1626540871;-66
1626541171;-68
1626541471;-67
1626541771;-67
1626542072;-67
1626542372;-67
1626542672;-67
1626542972;-67
1626543272;-67
1626543573;-67
1626543873;-67
1626544173;-67
1626544473;-67
1626544773;-67
1626545074;-67
1626545374;-66
1626545674;-67
1626545974;-67
1626546274;-66
1626546574;-66
1626546874;-66
1626547174;-66
1626547475;-67
1626547775;-66
1626548075;-67
1626548375;-66
1626548676;-66
1626548976;-66
1626549276;-65
1626549576;-66
1626549876;-66
1626550177;-65
1626550478;-66
1626550778;-66
1626551078;-66
1626551378;-66
1626551678;-66
1626551978;-63
1626552279;-63
1626552579;-65
1626552879;-64
1626553179;-65
1626553479;-63
1626553780;-64
1626554080;-63
1626554380;-65
1626554680;-63
1626554980;-65
1626555280;-65
1626555580;-65
1626555880;-64
1626556181;-65
1626556481;-64
1626556781;-65
1626557081;-66
1626557381;-64
1626557681;-66
1626557981;-65
1626558282;-65
1626558582;-66
1626558882;-66
1626559182;-66
1626559482;-67
1626559782;-67
1626560082;-67
1626560382;-67
1626560683;-67
1626560983;-67
1626561283;-67
1626561584;-67
1626561884;-66
1626562184;-66
1626562484;-66
1626562784;-67
1626563084;-67
1626563384;-66
1626563685;-67
1626563985;-68
1626564285;-67
1626564585;-67
1626564885;-67
1626565186;-66
1626565486;-66
1626565786;-67
1626566086;-66
1626566386;-66
1626566687;-66
1626566987;-66
1626567287;-66
1626567587;-66
1626567887;-67
1626568188;-67
1626568488;-66
1626568788;-66
1626569088;-67
1626569388;-66
1626569688;-66
1626569988;-66
1626570289;-66
1626570589;-67
1626570889;-67
1626571189;-67
1626571489;-66
1626571789;-67
1626572090;-66
1626572390;-66
1626572690;-66
1626572990;-67
1626573290;-66
1626573591;-66
1626573891;-66
1626574191;-67
1626574491;-66
1626574791;-67
1626575091;-66
1626575392;-66
1626575692;-66
1626575992;-66
1626576292;-66
1626576592;-66
1626576892;-67
1626577193;-66
1626577493;-67
1626577793;-67
1626578093;-66
1626578393;-66
1626578694;-66
1626578994;-66
1626579294;-66
1626579594;-66
1626579894;-66
1626580195;-66
1626580495;-66
1626580795;-66
1626581095;-66
1626581395;-66
1626581695;-67
1626581996;-67
1626582296;-67
1626582596;-66
1626582896;-66
1626583196;-67
1626583496;-66
1626583796;-67
1626584096;-67
1626584397;-67
1626584697;-67
1626584997;-67
1626585297;-66
1626585597;-66
1626585898;-67
1626586198;-66
1626586498;-67
1626586798;-66
1626587098;-67
1626587398;-67
1626587699;-67
1626587999;-66
1626588299;-66
1626588600;-67
1626588900;-69
1626589200;-68
1626589500;-68
1626589800;-67
1626590100;-68
1626590401;-68
1626590701;-67
1626591001;-67
1626591301;-67
1626591601;-68
1626591902;-67
1626592202;-68
1626592502;-68
1626592802;-67
1626593102;-67
1626593402;-68
1626593702;-68
1626594003;-67
1626594303;-68
1626594603;-67
1626594903;-67
1626595203;-67
1626595503;-68
1626595804;-68
1626596104;-68
1626596404;-67
1626596704;-67
1626597004;-68
1626597304;-67
1626597604;-68
1626597905;-67
1626598205;-67
1626598505;-67
1626598805;-68
1626599105;-68
1626599405;-68
1626599706;-68
1626600006;-68
1626600307;-68
1626600607;-67
1626600907;-68
1626601208;-68
1626601508;-68
1626601808;-68
1626602108;-68
1626602408;-67
1626602708;-68
1626603008;-68
1626603309;-68
1626603609;-67
1626603909;-67
1626604209;-68
1626604509;-68
1626604810;-68
1626605110;-68
1626605410;-68
1626605710;-67
1626606011;-67
1626606311;-68
1626606611;-67
1626606911;-68
1626607211;-68
1626607511;-66
1626607812;-68
1626608112;-69
1626608412;-69
1626608712;-69
1626609012;-69
1626609312;-69
1626609613;-69
1626609913;-69
1626610213;-69
1626610513;-69
1626610813;-69
1626611113;-69
1626611414;-69
1626611714;-69
1626612014;-69
1626612314;-69
1626612614;-69
1626612914;-69
1626613214;-69
1626613514;-69
1626613814;-70
1626614115;-70
1626614415;-69
1626614715;-62
1626615015;-63
1626615315;-63
1626615615;-62
1626615916;-67
1626616216;-67
1626616516;-67
1626616816;-67
1626617116;-68
1626617417;-69
1626617717;-70
1626618017;-68
1626618317;-68
1626618617;-65
1626618918;-64
1626619218;-68
1626619518;-67
1626619819;-67
1626620119;-67
1626620419;-67
1626620719;-67
1626621019;-66
1626621320;-67
1626621620;-67
1626621920;-66
1626622220;-67
1626622520;-66
1626622820;-67
1626623120;-67
1626623421;-67
1626623721;-67
1626624021;-67
1626624321;-67
1626624621;-66
1626624921;-67
1626625221;-66
1626625521;-67
1626625822;-67
1626626122;-66
1626626422;-67
1626626722;-67
1626627022;-66
1626627322;-67
1626627622;-67
1626627922;-66
1626628223;-67
1626628523;-67
1626628823;-67
1626629124;-67
1626629424;-67
1626629724;-66
1626630024;-67
1626630324;-67
1626630624;-66
1626630924;-66
1626631224;-67
1626631524;-67
1626631825;-67
1626632125;-67
1626632425;-67
1626632725;-67
1626633025;-67
1626633325;-67
1626633625;-67
1626633926;-67
1626634226;-65
1626634526;-65
1626634826;-66
1626635126;-66
1626635426;-67
1626635726;-67
1626636026;-65
1626636326;-65
1626636627;-65
1626636927;-62
1626637227;-65
1626637527;-63
1626637827;-63
1626638128;-67
1626638428;-65
1626638728;-64
1626639028;-64
1626639328;-64
1626639628;-64
1626639928;-64
1626640229;-65
1626640529;-69
1626640829;-65
1626641130;-64
1626641430;-66
1626641730;-65
1626642030;-65
1626642330;-65
1626642631;-65
1626642931;-65
1626643231;-66
1626643531;-66
1626643831;-66
1626644131;-66
1626644432;-65
1626644732;-65
1626645032;-65
1626645332;-65
1626645632;-65
1626645932;-66
1626646233;-66
1626646533;-66
1626646833;-66
1626647133;-65
1626647433;-65
1626647734;-66
1626648034;-66
1626648334;-65
1626648634;-65
1626648935;-65
1626649235;-65
1626649535;-66
1626649835;-65
1626650135;-66
1626650436;-65
1626650736;-65
1626651036;-65
1626651336;-65
1626651636;-66
1626651937;-65
1626652237;-66
1626652537;-66
1626652838;-66
1626653138;-66
1626653438;-66
1626653738;-66
1626654038;-66
1626654338;-66
1626654638;-65
1626654939;-66
1626655239;-66
1626655539;-66
1626655839;-65
1626656139;-65
1626656440;-65
1626656740;-66
1626657040;-65
1626657340;-65
1626657640;-65
1626657940;-65
1626658240;-66
1626658540;-65
1626658841;-66
1626659141;-66
1626659441;-65
1626659741;-65
1626660041;-65
1626660342;-65
1626660642;-65
1626660942;-65
1626661242;-65
1626661542;-65
1626661842;-66
1626662142;-65
1626662443;-65
1626662743;-65
1626663043;-65
1626663343;-65
1626663643;-65
1626663944;-65
1626664244;-65
1626664544;-65
1626664844;-65
1626665145;-65
1626665445;-65
1626665745;-66
1626666045;-65
1626666345;-65
1626666645;-65
1626666946;-65
1626667246;-65
1626667546;-65
1626667846;-65
1626668146;-65
1626668447;-66
1626668747;-65
1626669047;-65
1626669347;-65
1626669647;-65
1626669948;-64
1626670248;-65
1626670548;-65
1626670848;-65
1626671148;-66
1626671449;-66
1626671749;-65
1626672049;-66
1626672349;-65
1626672649;-66
1626672950;-66
1626673250;-66
1626673550;-65
1626673850;-66
1626674151;-66
1626674451;-65
1626674751;-65
1626675052;-65
1626675352;-66
1626675652;-66
1626675952;-65
1626676252;-66
1626676552;-66
1626676852;-65
1626677152;-66
1626677452;-65
1626677752;-65
1626678053;-66
1626678353;-65
1626678653;-66
1626678953;-65
1626679253;-65
1626679554;-65
1626679854;-66
1626680154;-65
1626680454;-65
1626680754;-65
1626681055;-65
1626681355;-65
1626681655;-65
1626681956;-65
1626682256;-65
1626682556;-65
1626682856;-65
1626683156;-65
1626683456;-66
1626683756;-67
1626684057;-66
1626684357;-67
1626684657;-65
1626684957;-66
1626685257;-66
1626685557;-66
1626685858;-66
1626686158;-65
1626686458;-65
1626686758;-66
1626687058;-66
1626687359;-67
1626687659;-64
1626687959;-64
1626688259;-65
1626688559;-64
1626688859;-64
1626689159;-64
1626689460;-64
1626689760;-65
1626690060;-64
1626690360;-65
1626690660;-64
1626690961;-64
1626691261;-65
1626691561;-65
1626691861;-65
1626692161;-65
1626692462;-66
1626692762;-65
1626693062;-65
1626693362;-65
1626693662;-64
1626693963;-65
1626694263;-66
1626694563;-65
1626694863;-65
1626695164;-66
1626695464;-65
1626695764;-65
1626696064;-64
1626696364;-65
1626696664;-65
1626696964;-65
1626697265;-64
1626697565;-65
1626697865;-65
1626698165;-65
1626698465;-65
1626698766;-64
1626699066;-64
1626699366;-64
1626699666;-65
1626699966;-64
1626700266;-64
1626700566;-63
1626700867;-69
1626701167;-74
1626701467;-75
1626701767;-74
1626702067;-74
1626702368;-74
1626702668;-74
1626702968;-74
1626703268;-75
1626703568;-74
1626703869;-74
1626704169;-73
1626704469;-74
1626704769;-74
1626705069;-74
1626705369;-73
1626705669;-74
1626705970;-74
1626706270;-74
1626706570;-74
1626706870;-74
1626707170;-74
1626707470;-74
1626707770;-74
1626708070;-74
1626708371;-74
1626708671;-74
1626708971;-74
1626709271;-74
1626709571;-74
1626709871;-72
1626710172;-70
1626710472;-70
1626710772;-70
1626711072;-70
1626711372;-70
1626711672;-71
1626711973;-70
1626712273;-70
1626712573;-70
1626712873;-70
1626713173;-70
1626713473;-70
1626713774;-70
1626714074;-70
1626714374;-70
1626714674;-70
1626714974;-71
1626715274;-70
1626715574;-70
1626715875;-71
1626716175;-70
1626716475;-69
1626716778;-70
1626717078;-72
1626717378;-70
1626717678;-70
1626717979;-69
1626718281;-70
1626718581;-70
1626718881;-69
1626719181;-69
1626719482;-70
1626719782;-70
1626720082;-69
1626720382;-70
1626720683;-72
1626720983;-70
1626721283;-71
1626721583;-70
1626721883;-70
1626722184;-71
1626722484;-71
1626722784;-69
1626723084;-71
1626723384;-71
1626723684;-71
1626723984;-71
1626724284;-71
1626724584;-71
1626724885;-72
1626725185;-72
1626725485;-72
1626725785;-72
1626726085;-71
1626726386;-73
1626726686;-70
1626726986;-71
1626727286;-72
1626727586;-73
1626727887;-71
1626728187;-71
1626728487;-71
1626728787;-71
1626729087;-72
1626729387;-72
1626729687;-71
1626729988;-68
1626730288;-68
1626730588;-69
1626730888;-68
1626731188;-69
1626731488;-69
1626731789;-68
1626732089;-69
1626732389;-69
1626732689;-68
1626732990;-68
1626733290;-70
1626733590;-68
1626733890;-69
1626734190;-69
1626734490;-69
1626734791;-69
1626735091;-69
1626735391;-68
1626735691;-69
1626735991;-69
1626736291;-69
1626736591;-69
1626736891;-69
1626737191;-68
1626737492;-69
1626737792;-69
1626738092;-69
1626738392;-69
1626738692;-69
1626738992;-68
1626739292;-69
1626739592;-69
1626739893;-70
1626740193;-68
1626740493;-68
1626740793;-69
1626741093;-69
1626741394;-69
1626741694;-69
1626741994;-69
1626742294;-69
1626742594;-69
1626742895;-70
1626743195;-69
1626743495;-69
1626743795;-69
1626744095;-68
1626744395;-69
1626744696;-69
1626744996;-69
1626745296;-69
1626745596;-69
1626745896;-69
1626746196;-69
1626746497;-69
1626746797;-69
1626747097;-69
1626747397;-69
1626747697;-69
1626747997;-69
1626748297;-69
1626748597;-69
1626748898;-69
1626749198;-69
1626749498;-69
1626749798;-69
1626750098;-69
1626750398;-69
1626750698;-69
1626750999;-69
1626751299;-68
1626751599;-69
1626751899;-69
1626752199;-69
1626752499;-69
1626752799;-69
1626753100;-69
1626753400;-69
1626753700;-69
1626754000;-69
1626754300;-69
1626754600;-69
1626754900;-69
1626755200;-68
1626755501;-69
1626755801;-68
1626756101;-68
1626756401;-69
1626756701;-68
1626757002;-69
1626757302;-69
1626757602;-69
1626757902;-69
1626758202;-69
1626758502;-69
1626758802;-68
1626759103;-68
1626759403;-69
1626759703;-69
1626760003;-69
1626760304;-69
1626760604;-68
1626760904;-69
1626761204;-69
1626761504;-69
1626761804;-69
1626762104;-69
1626762404;-70
1626762705;-69
1626763005;-70
1626763305;-70
1626763605;-70
1626763905;-70
1626764205;-71
1626764505;-70
1626764805;-70
1626765106;-71
1626765406;-70
1626765706;-70
1626766006;-70
1626766306;-70
1626766607;-71
1626766908;-70
1626767208;-71
1626767508;-70
1626767808;-69
1626768109;-70
1626768409;-71
1626768709;-70
1626769009;-69
1626769309;-70
